0		0
1	VariableDeclare	1
2	VariableDeclareAssign	1
3	PushNull	1
4	PushFalse	1
5	PushTrue	1
6	PushString	1
7	PushConstant	1
8	PushVariable	1
9	PopToVariable	1
10	Inc	1
11	Dec	1
12	Duplicate	1
13	DuplicateInsert	1
14	Discard	1
15	Destruct	1
16	Break	1
17	Continue	1
18	Jump	1
19	JumpIfFalse	1
20	JumpIfTrue	1
21	Return	1
22	ReturnValue	1
23	ForRangeInit	1
24	ForRangeIterate	1
25	ForRangeTerminate	1
26	InvokeUserDefinedFreeFunction	1
27	VariablePrefixInc	1
28	VariablePrefixDec	1
29	VariablePostfixInc	1
30	VariablePostfixDec	1
31	JumpIfFalseOrPop	1
32	JumpIfTrueOrPop	1
33	Not	1
34	PrimitiveEqual	1
35	ObjectEqual	1
36	PrimitiveNotEqual	1
37	ObjectNotEqual	1
38	PrimitiveLessThan	1
39	ObjectLessThan	1
40	PrimitiveLessThanOrEqual	1
41	ObjectLessThanOrEqual	1
42	PrimitiveGreaterThan	1
43	ObjectGreaterThan	1
44	PrimitiveGreaterThanOrEqual	1
45	ObjectGreaterThanOrEqual	1
46	PrimitiveNegate	1
47	ObjectNegate	1
48	PrimitiveAdd	1
49	ObjectAdd	1
50	ObjectLeftAdd	1
51	ObjectRightAdd	1
52	VariablePrimitiveInplaceAdd	1
53	VariableObjectInplaceAdd	1
54	VariableObjectInplaceRightAdd	1
55	PrimitiveSubtract	1
56	ObjectSubtract	1
57	ObjectLeftSubtract	1
58	ObjectRightSubtract	1
59	VariablePrimitiveInplaceSubtract	1
60	VariableObjectInplaceSubtract	1
61	VariableObjectInplaceRightSubtract	1
62	PrimitiveMultiply	1
63	ObjectMultiply	1
64	ObjectLeftMultiply	1
65	ObjectRightMultiply	1
66	VariablePrimitiveInplaceMultiply	1
67	VariableObjectInplaceMultiply	1
68	VariableObjectInplaceRightMultiply	1
69	PrimitiveDivide	1
70	ObjectDivide	1
71	ObjectLeftDivide	1
72	ObjectRightDivide	1
73	VariablePrimitiveInplaceDivide	1
74	VariableObjectInplaceDivide	1
75	VariableObjectInplaceRightDivide	1
76	PrimitiveModulo	1
77	VariablePrimitiveInplaceModulo	1
78	InitialiseArray	1
79	ContractVariableDeclareAssign	1
80	InvokeContractFunction	1
81	PushLargeConstant	1
82	::toInt8^[AnyPrimitive]^Int8	1
83	::toUInt8^[AnyPrimitive]^UInt8	1
84	::toInt16^[AnyPrimitive]^Int16	1
85	::toUInt16^[AnyPrimitive]^UInt16	1
86	::toInt32^[AnyPrimitive]^Int32	1
87	::toUInt32^[AnyPrimitive]^UInt32	1
88	::toInt64^[AnyPrimitive]^Int64	1
89	::toUInt64^[AnyPrimitive]^UInt64	1
90	::toFloat32^[AnyPrimitive]^Float32	1
91	::toFloat64^[AnyPrimitive]^Float64	1
92	::toFixed32^[AnyPrimitive]^Fixed32	1
93	::toFixed64^[AnyPrimitive]^Fixed64	1
94	::toFixed128^[AnyPrimitive]^Fixed128	1
95	Matrix::[Constructor]^Int32,Int32^Matrix	1
96	Matrix::[GetIndexedValue]^[AnyInteger],[AnyInteger]^[TemplateParameter1]	1
97	Matrix::[SetIndexedValue]^[AnyInteger],[AnyInteger],[TemplateParameter1]^Void	1
98	Array::[Constructor]^Int32^Array	1
99	Array::append^[TemplateParameter1]^Void	1
100	Array::count^^Int32	1
101	Array::erase^Int32^Void	1
102	Array::extend^Array^Void	1
103	Array::popBack^^[TemplateParameter1]	1
104	Array::popBack^Int32^Array	1
105	Array::popFront^^[TemplateParameter1]	1
106	Array::popFront^Int32^Array	1
107	Array::reverse^^Void	1
108	Array::[GetIndexedValue]^[AnyInteger]^[TemplateParameter1]	1
109	Array::[SetIndexedValue]^[AnyInteger],[TemplateParameter1]^Void	1
110	String::find^String^Int32	1
111	String::length^^Int32	1
112	String::sizeInBytes^^Int32	1
113	String::reverse^^String	1
114	String::split^String^Array<String>	1
115	String::substr^Int32,Int32^String	1
116	String::trim^^String	1
117	Map::[Constructor]^^Map	1
118	Map::count^^Int32	1
119	Map::[GetIndexedValue]^[TemplateParameter1]^[TemplateParameter2]	1
120	Map::[SetIndexedValue]^[TemplateParameter1],[TemplateParameter2]^Void	1
121	Address::[Constructor]^String^Address	1
122	Address::signedTx^^Bool	1
123	::toString^Address^String	1
124	State::[Constructor]^String^State	1
125	State::[Constructor]^Address^State	1
126	State::get^^[TemplateParameter1]	1
127	State::get^[TemplateParameter1]^[TemplateParameter1]	1
128	State::set^[TemplateParameter1]^Void	1
129	State::existed^^Bool	1
130	ShardedState::[Constructor]^String^ShardedState	1
131	ShardedState::[Constructor]^Address^ShardedState	1
132	ShardedState::get^String^[TemplateParameter1]	1
133	ShardedState::get^Address^[TemplateParameter1]	1
134	ShardedState::get^String,[TemplateParameter1]^[TemplateParameter1]	1
135	ShardedState::get^Address,[TemplateParameter1]^[TemplateParameter1]	1
136	ShardedState::set^String,[TemplateParameter1]^Void	1
137	ShardedState::set^Address,[TemplateParameter1]^Void	1
138	::print^String^Void	1
139	::printLn^String^Void	1
140	::print^Bool^Void	1
141	::printLn^Bool^Void	1
142	::print^UInt8^Void	1
143	::printLn^UInt8^Void	1
144	::print^Int8^Void	1
145	::printLn^Int8^Void	1
146	::print^UInt16^Void	1
147	::printLn^UInt16^Void	1
148	::print^Int16^Void	1
149	::printLn^Int16^Void	1
150	::print^UInt32^Void	1
151	::printLn^UInt32^Void	1
152	::print^Int32^Void	1
153	::printLn^Int32^Void	1
154	::print^UInt64^Void	1
155	::printLn^UInt64^Void	1
156	::print^Int64^Void	1
157	::printLn^Int64^Void	1
158	::print^Float32^Void	1
159	::printLn^Float32^Void	1
160	::print^Float64^Void	1
161	::printLn^Float64^Void	1
162	::print^Fixed32^Void	1
163	::print^Fixed64^Void	1
164	::print^Fixed128^Void	1
165	::printLn^Fixed32^Void	1
166	::printLn^Fixed64^Void	1
167	::printLn^Fixed128^Void	1
168	::print^Array<Bool>^Void	1
169	::printLn^Array<Bool>^Void	1
170	::print^Array<UInt8>^Void	1
171	::printLn^Array<UInt8>^Void	1
172	::print^Array<Int8>^Void	1
173	::printLn^Array<Int8>^Void	1
174	::print^Array<UInt16>^Void	1
175	::printLn^Array<UInt16>^Void	1
176	::print^Array<Int16>^Void	1
177	::printLn^Array<Int16>^Void	1
178	::print^Array<UInt32>^Void	1
179	::printLn^Array<UInt32>^Void	1
180	::print^Array<Int32>^Void	1
181	::printLn^Array<Int32>^Void	1
182	::print^Array<UInt64>^Void	1
183	::printLn^Array<UInt64>^Void	1
184	::print^Array<Int64>^Void	1
185	::printLn^Array<Int64>^Void	1
186	::print^Array<Float32>^Void	1
187	::printLn^Array<Float32>^Void	1
188	::print^Array<Float64>^Void	1
189	::printLn^Array<Float64>^Void	1
190	::print^Array<Fixed32>^Void	1
191	::print^Array<Fixed64>^Void	1
192	::print^Array<Fixed128>^Void	1
193	::printLn^Array<Fixed32>^Void	1
194	::printLn^Array<Fixed64>^Void	1
195	::printLn^Array<Fixed128>^Void	1
196	::panic^String^Void	1
197	::assert^Bool^Void	1
198	::assert^Bool,String^Void	1
199	::toString^Int8^String	1
200	::toString^UInt8^String	1
201	::toString^Int16^String	1
202	::toString^UInt16^String	1
203	::toString^Int32^String	1
204	::toString^UInt32^String	1
205	::toString^Int64^String	1
206	::toString^UInt64^String	1
207	::toString^Float32^String	1
208	::toString^Float64^String	1
209	::toString^Bool^String	1
210	::toString^Fixed32^String	1
211	::toString^Fixed64^String	1
212	::toString^Fixed128^String	1
213	::toBool^Int32^Bool	1
214	::toBool^UInt32^Bool	1
215	::toBool^Int64^Bool	1
216	::toBool^UInt64^Bool	1
217	::toBool^Float32^Bool	1
218	::toBool^Float64^Bool	1
219	Buffer::[Constructor]^Int32^Buffer	1
220	Buffer::copy^^Buffer	1
221	UInt256::[Constructor]^UInt64^UInt256	1
222	UInt256::[Constructor]^Buffer^UInt256	1
223	UInt256::increase^^Void	1
224	UInt256::logValue^^Float64	1
225	UInt256::toFloat64^^Float64	1
226	UInt256::toInt32^^Int32	1
227	UInt256::size^^UInt64	1
228	::toString^UInt256^String	1
229	::toUInt64^UInt256^UInt64	1
230	::toInt64^UInt256^Int64	1
231	::toUInt32^UInt256^UInt32	1
232	::toInt32^UInt256^Int32	1
233	SHA256::[Constructor]^^SHA256	1
234	SHA256::update^UInt256^Void	1
235	SHA256::update^String^Void	1
236	SHA256::update^Buffer^Void	1
237	SHA256::final^^UInt256	1
238	SHA256::reset^^Void	1
239	StructuredData::[Constructor]^^StructuredData	1
240	StructuredData::getInt32^String^Int32	1
241	StructuredData::getInt64^String^Int64	1
242	StructuredData::getUInt32^String^UInt32	1
243	StructuredData::getUInt64^String^UInt64	1
244	StructuredData::getFloat32^String^Float32	1
245	StructuredData::getFloat64^String^Float64	1
246	StructuredData::getFixed32^String^Fixed32	1
247	StructuredData::getFixed64^String^Fixed64	1
248	StructuredData::getString^String^String	1
249	StructuredData::getAddress^String^Address	1
250	StructuredData::getBuffer^String^Buffer	1
251	StructuredData::getUInt256^String^UInt256	1
252	StructuredData::getFixed128^String^Fixed128	1
253	StructuredData::getArrayInt32^String^Array<Int32>	1
254	StructuredData::getArrayInt64^String^Array<Int64>	1
255	StructuredData::getArrayUInt32^String^Array<UInt32>	1
256	StructuredData::getArrayUInt64^String^Array<UInt64>	1
257	StructuredData::getArrayFloat32^String^Array<Float32>	1
258	StructuredData::getArrayFloat64^String^Array<Float64>	1
259	StructuredData::getArrayFixed32^String^Array<Fixed32>	1
260	StructuredData::getArrayFixed64^String^Array<Fixed64>	1
261	StructuredData::getArrayFixed128^String^Array<Fixed128>	1
262	StructuredData::getArrayString^String^Array<String>	1
263	StructuredData::set^String,Array<Int32>^Void	1
264	StructuredData::set^String,Array<Int64>^Void	1
265	StructuredData::set^String,Array<UInt32>^Void	1
266	StructuredData::set^String,Array<UInt64>^Void	1
267	StructuredData::set^String,Array<Float32>^Void	1
268	StructuredData::set^String,Array<Float64>^Void	1
269	StructuredData::set^String,Array<Fixed32>^Void	1
270	StructuredData::set^String,Array<Fixed64>^Void	1
271	StructuredData::set^String,Array<Fixed128>^Void	1
272	StructuredData::set^String,Array<String>^Void	1
273	StructuredData::set^String,String^Void	1
274	StructuredData::set^String,Address^Void	1
275	StructuredData::set^String,Buffer^Void	1
276	StructuredData::set^String,UInt256^Void	1
277	StructuredData::set^String,Fixed128^Void	1
278	StructuredData::set^String,Int32^Void	1
279	StructuredData::set^String,Int64^Void	1
280	StructuredData::set^String,UInt32^Void	1
281	StructuredData::set^String,UInt64^Void	1
282	StructuredData::set^String,Float32^Void	1
283	StructuredData::set^String,Float64^Void	1
284	StructuredData::set^String,Fixed32^Void	1
285	StructuredData::set^String,Fixed64^Void	1
286	::abs^Int8^Int8	1
287	::abs^Int16^Int16	1
288	::abs^Int32^Int32	1
289	::abs^Int64^Int64	1
290	::abs^UInt8^UInt8	1
291	::abs^UInt16^UInt16	1
292	::abs^UInt32^UInt32	1
293	::abs^UInt64^UInt64	1
294	::abs^Float32^Float32	1
295	::abs^Float64^Float64	1
296	::abs^Fixed32^Fixed32	1
297	::abs^Fixed64^Fixed64	1
298	::abs^Fixed128^Fixed128	1
299	::exp^Float32^Float32	1
300	::exp^Float64^Float64	1
301	::exp^Fixed32^Fixed32	1
302	::exp^Fixed64^Fixed64	1
303	::exp^Fixed128^Fixed128	1
304	::log^Float32^Float32	1
305	::log^Float64^Float64	1
306	::log^Fixed32^Fixed32	1
307	::log^Fixed64^Fixed64	1
308	::log^Fixed128^Fixed128	1
309	::log2^Float32^Float32	1
310	::log2^Float64^Float64	1
311	::log2^Fixed32^Fixed32	1
312	::log2^Fixed64^Fixed64	1
313	::log2^Fixed128^Fixed128	1
314	::log10^Float32^Float32	1
315	::log10^Float64^Float64	1
316	::log10^Fixed32^Fixed32	1
317	::log10^Fixed64^Fixed64	1
318	::log10^Fixed128^Fixed128	1
319	::pow^Float32,Float32^Float32	1
320	::pow^Float64,Float64^Float64	1
321	::pow^Fixed32,Fixed32^Fixed32	1
322	::pow^Fixed64,Fixed64^Fixed64	1
323	::exp^Fixed128,Fixed128^Fixed128	1
324	::rand^Int16,Int16^Int16	1
325	::rand^Int32,Int32^Int32	1
326	::rand^Int64,Int64^Int64	1
327	::rand^UInt16,UInt16^UInt16	1
328	::rand^UInt32,UInt32^UInt32	1
329	::rand^UInt64,UInt64^UInt64	1
330	::rand^Float32,Float32^Float32	1
331	::rand^Float64,Float64^Float64	1
332	::sqrt^Float32^Float32	1
333	::sqrt^Float64^Float64	1
334	::sqrt^Fixed32^Fixed32	1
335	::sqrt^Fixed64^Fixed64	1
336	::sqrt^Fixed128^Fixed128	1
337	::sin^Float32^Float32	1
338	::cos^Float32^Float32	1
339	::tan^Float32^Float32	1
340	::asin^Float32^Float32	1
341	::acos^Float32^Float32	1
342	::atan^Float32^Float32	1
343	::atan2^Float32,Float32^Float32	1
344	::sinh^Float32^Float32	1
345	::cosh^Float32^Float32	1
346	::tanh^Float32^Float32	1
347	::asinh^Float32^Float32	1
348	::acosh^Float32^Float32	1
349	::atanh^Float32^Float32	1
350	::sin^Float64^Float64	1
351	::cos^Float64^Float64	1
352	::tan^Float64^Float64	1
353	::asin^Float64^Float64	1
354	::acos^Float64^Float64	1
355	::atan^Float64^Float64	1
356	::atan2^Float64,Float64^Float64	1
357	::sinh^Float64^Float64	1
358	::cosh^Float64^Float64	1
359	::tanh^Float64^Float64	1
360	::asinh^Float64^Float64	1
361	::acosh^Float64^Float64	1
362	::atanh^Float64^Float64	1
363	::sin^Fixed32^Fixed32	1
364	::cos^Fixed32^Fixed32	1
365	::tan^Fixed32^Fixed32	1
366	::asin^Fixed32^Fixed32	1
367	::acos^Fixed32^Fixed32	1
368	::atan^Fixed32^Fixed32	1
369	::atan2^Fixed32,Fixed32^Fixed32	1
370	::sinh^Fixed32^Fixed32	1
371	::cosh^Fixed32^Fixed32	1
372	::tanh^Fixed32^Fixed32	1
373	::asinh^Fixed32^Fixed32	1
374	::acosh^Fixed32^Fixed32	1
375	::atanh^Fixed32^Fixed32	1
376	::sin^Fixed64^Fixed64	1
377	::cos^Fixed64^Fixed64	1
378	::tan^Fixed64^Fixed64	1
379	::asin^Fixed64^Fixed64	1
380	::acos^Fixed64^Fixed64	1
381	::atan^Fixed64^Fixed64	1
382	::atan2^Fixed64,Fixed64^Fixed64	1
383	::sinh^Fixed64^Fixed64	1
384	::cosh^Fixed64^Fixed64	1
385	::tanh^Fixed64^Fixed64	1
386	::asinh^Fixed64^Fixed64	1
387	::acosh^Fixed64^Fixed64	1
388	::atanh^Fixed64^Fixed64	1
389	::sin^Fixed128^Fixed128	1
390	::cos^Fixed128^Fixed128	1
391	::tan^Fixed128^Fixed128	1
392	::asin^Fixed128^Fixed128	1
393	::acos^Fixed128^Fixed128	1
394	::atan^Fixed128^Fixed128	1
395	::atan2^Fixed128,Fixed128^Fixed128	1
396	::sinh^Fixed128^Fixed128	1
397	::cosh^Fixed128^Fixed128	1
398	::tanh^Fixed128^Fixed128	1
399	::asinh^Fixed128^Fixed128	1
400	::acosh^Fixed128^Fixed128	1
401	::atanh^Fixed128^Fixed128	1
402	Tensor::[Constructor]^Array<UInt64>^Tensor	1
403	Tensor::at^UInt64^Fixed64	1
404	Tensor::at^UInt64,UInt64^Fixed64	1
405	Tensor::at^UInt64,UInt64,UInt64^Fixed64	1
406	Tensor::at^UInt64,UInt64,UInt64,UInt64^Fixed64	1
407	Tensor::at^UInt64,UInt64,UInt64,UInt64,UInt64^Fixed64	1
408	Tensor::at^UInt64,UInt64,UInt64,UInt64,UInt64,UInt64^Fixed64	1
409	Tensor::setAt^UInt64,Fixed64^Void	1
410	Tensor::setAt^UInt64,UInt64,Fixed64^Void	1
411	Tensor::setAt^UInt64,UInt64,UInt64,Fixed64^Void	1
412	Tensor::setAt^UInt64,UInt64,UInt64,UInt64,Fixed64^Void	1
413	Tensor::setAt^UInt64,UInt64,UInt64,UInt64,UInt64,Fixed64^Void	1
414	Tensor::setAt^UInt64,UInt64,UInt64,UInt64,UInt64,UInt64,Fixed64^Void	1
415	Tensor::fill^Fixed64^Void	1
416	Tensor::fillRandom^^Void	1
417	Tensor::reshape^Array<UInt64>^Bool	1
418	Tensor::squeeze^^Tensor	1
419	Tensor::size^^UInt64	1
420	Tensor::transpose^^Void	1
421	Tensor::unsqueeze^^Tensor	1
422	Tensor::fromString^String^Void	1
423	Tensor::toString^^String	1
424	::readCSV^String^Tensor	1
425	::leftShift^Int32,Int32^Int32	1
426	::leftShift^Int64,Int64^Int64	1
427	::leftShift^UInt32,UInt32^UInt32	1
428	::leftShift^UInt64,UInt64^UInt64	1
429	::rightShift^Int32,Int32^Int32	1
430	::rightShift^Int64,Int64^Int64	1
431	::rightShift^UInt32,UInt32^UInt32	1
432	::rightShift^UInt64,UInt64^UInt64	1
433	::and^Int32,Int32^Int32	1
434	::and^Int64,Int64^Int64	1
435	::and^UInt32,UInt32^UInt32	1
436	::and^UInt64,UInt64^UInt64	1
437	::or^Int32,Int32^Int32	1
438	::or^Int64,Int64^Int64	1
439	::or^UInt32,UInt32^UInt32	1
440	::or^UInt64,UInt64^UInt64	1
441	StateDict::[Constructor]^^StateDict	1
442	StateDict::setWeights^String,Tensor^Void	1
443	Graph::[Constructor]^^Graph	1
444	Graph::setInput^String,Tensor^Void	1
445	Graph::evaluate^String^Tensor	1
446	Graph::backPropagate^String^Void	1
447	Graph::step^Fixed64^Void	1
448	Graph::addPlaceholder^String^Void	1
449	Graph::addFullyConnected^String,String,Int32,Int32^Void	1
450	Graph::addConv1D^String,String,Int32,Int32,Int32,Int32^Void	1
451	Graph::addRelu^String,String^Void	1
452	Graph::addSoftmax^String,String^Void	1
453	Graph::addDropout^String,String,Fixed64^Void	1
454	Graph::addCrossEntropyLoss^String,String,String^Void	1
455	Graph::addMeanSquareErrorLoss^String,String,String^Void	1
456	Graph::addTranspose^String,String^Void	1
457	Graph::addExp^String,String^Void	1
458	Graph::loadStateDict^StateDict^Void	1
459	Graph::stateDict^^StateDict	1
460	Graph::serializeToString^^String	1
461	Graph::deserializeFromString^String^Graph	1
462	TrainingPair::[Constructor]^Tensor,Array<Tensor>^TrainingPair	1
463	TrainingPair::data^^Array<Tensor>	1
464	TrainingPair::label^^Tensor	1
465	DataLoader::[Constructor]^String^DataLoader	1
466	DataLoader::addData^String,String^Void	1
467	DataLoader::addData^Array<Tensor>,Tensor^Void	1
468	DataLoader::getNext^^TrainingPair	1
469	DataLoader::isDone^^Bool	1
470	Optimiser::[Constructor]^String,Graph,DataLoader,Array<String>,String,String^Optimiser	1
471	Optimiser::run^Tensor,Tensor,UInt64^Fixed64	1
472	Optimiser::run^UInt64,UInt64^Fixed64	1
473	Optimiser::run^UInt64^Fixed64	1
474	Optimiser::setGraph^Graph^Void	1
475	Optimiser::setDataloader^DataLoader^Void	1
476	Model::[Constructor]^String^Model	1
477	Model::add^String,UInt64,UInt64^Void	1
478	Model::add^String,UInt64,UInt64,UInt64,UInt64^Void	1
479	Model::add^String,UInt64,UInt64,String^Void	1
480	Model::add^String,UInt64,UInt64,UInt64,UInt64,String^Void	1
481	Model::compile^String,String^Void	1
482	Model::compile^String,Array<UInt64>^Void	1
483	Model::fit^Tensor,Tensor,UInt64^Void	1
484	Model::evaluate^^Fixed64	1
485	Model::predict^Tensor^Tensor	1
486	Model::serializeToString^^String	1
487	Model::deserializeFromString^String^Model	1
488	Scaler::[Constructor]^^Scaler	1
489	Scaler::setScale^Tensor,String^Void	1
490	Scaler::setScale^Fixed64,Fixed64^Void	1
491	Scaler::normalise^Tensor^Tensor	1
492	Scaler::deNormalise^Tensor^Tensor	1
493	::loadMNISTImages^String^Tensor	1
494	::loadMNISTLabels^String^Tensor	1
495	Transfer::[Constructor]^Address,UInt64^Transfer	1
496	Transfer::to^^Address	1
497	Transfer::amount^^UInt64	1
498	Transaction::digest^^UInt256	1
499	Transaction::from^^Address	1
500	Transaction::transfers^^Array<Transfer>	1
501	Transaction::getTotalTransferAmount^^UInt64	1
502	Transaction::validFrom^^UInt64	1
503	Transaction::validUntil^^UInt64	1
504	Transaction::chargeRate^^UInt64	1
505	Transaction::chargeLimit^^UInt64	1
506	Transaction::contractDigest^^Address	1
507	Transaction::contractAddress^^Address	1
508	Transaction::action^^String	1
509	Transaction::signatories^^Array<Address>	1
510	Block::blockNumber^^UInt64	1
511	Context::transaction^^Transaction	1
512	Context::block^^Block	1
