0,Return,Return,21
0,Return,Return,21
0,Return,Return,21
0,Return,Return,21
0,Return,Return,21
0,Return,Return,21
0,Return,Return,21
0,Return,Return,21
0,Return,Return,21
0,Return,Return,21
0,Return,Return,21
0,Return,Return,21
0,Return,Return,21
0,Return,Return,21
0,Return,Return,21
0,Return,Return,21
0,Return,Return,21
0,Return,Return,21
1,PushFalse,Return,4,14,21
1,PushFalse,Return,4,14,21
1,PushFalse,Return,4,14,21
1,PushFalse,Return,4,14,21
1,PushFalse,Return,4,14,21
1,PushFalse,Return,4,14,21
1,PushFalse,Return,4,14,21
1,PushFalse,Return,4,14,21
1,PushFalse,Return,4,14,21
1,PushFalse,Return,4,14,21
1,PushFalse,Return,4,14,21
1,PushFalse,Return,4,14,21
1,PushFalse,Return,4,14,21
1,PushFalse,Return,4,14,21
1,PushFalse,Return,4,14,21
1,PushFalse,Return,4,14,21
1,PushFalse,Return,4,14,21
1,PushFalse,Return,4,14,21
2,PushTrue,Return,5,14,21
2,PushTrue,Return,5,14,21
2,PushTrue,Return,5,14,21
2,PushTrue,Return,5,14,21
2,PushTrue,Return,5,14,21
2,PushTrue,Return,5,14,21
2,PushTrue,Return,5,14,21
2,PushTrue,Return,5,14,21
2,PushTrue,Return,5,14,21
2,PushTrue,Return,5,14,21
2,PushTrue,Return,5,14,21
2,PushTrue,Return,5,14,21
2,PushTrue,Return,5,14,21
2,PushTrue,Return,5,14,21
2,PushTrue,Return,5,14,21
2,PushTrue,Return,5,14,21
2,PushTrue,Return,5,14,21
2,PushTrue,Return,5,14,21
3,JumpIfFalse,Return,4,19,21
3,JumpIfFalse,Return,4,19,21
3,JumpIfFalse,Return,4,19,21
3,JumpIfFalse,Return,4,19,21
3,JumpIfFalse,Return,4,19,21
3,JumpIfFalse,Return,4,19,21
3,JumpIfFalse,Return,4,19,21
3,JumpIfFalse,Return,4,19,21
3,JumpIfFalse,Return,4,19,21
3,JumpIfFalse,Return,4,19,21
3,JumpIfFalse,Return,4,19,21
3,JumpIfFalse,Return,4,19,21
3,JumpIfFalse,Return,4,19,21
3,JumpIfFalse,Return,4,19,21
3,JumpIfFalse,Return,4,19,21
3,JumpIfFalse,Return,4,19,21
3,JumpIfFalse,Return,4,19,21
3,JumpIfFalse,Return,4,19,21
4,Jump,JumpIfFalse,4,19,18,21
4,Jump,JumpIfFalse,4,19,18,21
4,Jump,JumpIfFalse,4,19,18,21
4,Jump,JumpIfFalse,4,19,18,21
4,Jump,JumpIfFalse,4,19,18,21
4,Jump,JumpIfFalse,4,19,18,21
4,Jump,JumpIfFalse,4,19,18,21
4,Jump,JumpIfFalse,4,19,18,21
4,Jump,JumpIfFalse,4,19,18,21
4,Jump,JumpIfFalse,4,19,18,21
4,Jump,JumpIfFalse,4,19,18,21
4,Jump,JumpIfFalse,4,19,18,21
4,Jump,JumpIfFalse,4,19,18,21
4,Jump,JumpIfFalse,4,19,18,21
4,Jump,JumpIfFalse,4,19,18,21
4,Jump,JumpIfFalse,4,19,18,21
4,Jump,JumpIfFalse,4,19,18,21
4,Jump,JumpIfFalse,4,19,18,21
5,Not,PushTrue,5,33,14,21
5,Not,PushTrue,5,33,14,21
5,Not,PushTrue,5,33,14,21
5,Not,PushTrue,5,33,14,21
5,Not,PushTrue,5,33,14,21
5,Not,PushTrue,5,33,14,21
5,Not,PushTrue,5,33,14,21
5,Not,PushTrue,5,33,14,21
5,Not,PushTrue,5,33,14,21
5,Not,PushTrue,5,33,14,21
5,Not,PushTrue,5,33,14,21
5,Not,PushTrue,5,33,14,21
5,Not,PushTrue,5,33,14,21
5,Not,PushTrue,5,33,14,21
5,Not,PushTrue,5,33,14,21
5,Not,PushTrue,5,33,14,21
5,Not,PushTrue,5,33,14,21
5,Not,PushTrue,5,33,14,21
6,And,PushTrue,5,31,5,14,21
6,And,PushTrue,5,31,5,14,21
6,And,PushTrue,5,31,5,14,21
6,And,PushTrue,5,31,5,14,21
6,And,PushTrue,5,31,5,14,21
6,And,PushTrue,5,31,5,14,21
6,And,PushTrue,5,31,5,14,21
6,And,PushTrue,5,31,5,14,21
6,And,PushTrue,5,31,5,14,21
6,And,PushTrue,5,31,5,14,21
6,And,PushTrue,5,31,5,14,21
6,And,PushTrue,5,31,5,14,21
6,And,PushTrue,5,31,5,14,21
6,And,PushTrue,5,31,5,14,21
6,And,PushTrue,5,31,5,14,21
6,And,PushTrue,5,31,5,14,21
6,And,PushTrue,5,31,5,14,21
6,And,PushTrue,5,31,5,14,21
7,Or,PushTrue,4,32,5,14,21
7,Or,PushTrue,4,32,5,14,21
7,Or,PushTrue,4,32,5,14,21
7,Or,PushTrue,4,32,5,14,21
7,Or,PushTrue,4,32,5,14,21
7,Or,PushTrue,4,32,5,14,21
7,Or,PushTrue,4,32,5,14,21
7,Or,PushTrue,4,32,5,14,21
7,Or,PushTrue,4,32,5,14,21
7,Or,PushTrue,4,32,5,14,21
7,Or,PushTrue,4,32,5,14,21
7,Or,PushTrue,4,32,5,14,21
7,Or,PushTrue,4,32,5,14,21
7,Or,PushTrue,4,32,5,14,21
7,Or,PushTrue,4,32,5,14,21
7,Or,PushTrue,4,32,5,14,21
7,Or,PushTrue,4,32,5,14,21
7,Or,PushTrue,4,32,5,14,21
8,ForLoop,Return,7,7,23,24,18,25,21
8,ForLoop,Return,7,7,23,24,18,25,21
8,ForLoop,Return,7,7,23,24,18,25,21
8,ForLoop,Return,7,7,23,24,18,25,21
8,ForLoop,Return,7,7,23,24,18,25,21
8,ForLoop,Return,7,7,23,24,18,25,21
8,ForLoop,Return,7,7,23,24,18,25,21
8,ForLoop,Return,7,7,23,24,18,25,21
8,ForLoop,Return,7,7,23,24,18,25,21
8,ForLoop,Return,7,7,23,24,18,25,21
8,ForLoop,Return,7,7,23,24,18,25,21
8,ForLoop,Return,7,7,23,24,18,25,21
8,ForLoop,Return,7,7,23,24,18,25,21
8,ForLoop,Return,7,7,23,24,18,25,21
8,ForLoop,Return,7,7,23,24,18,25,21
8,ForLoop,Return,7,7,23,24,18,25,21
8,ForLoop,Return,7,7,23,24,18,25,21
9,Break,ForLoop,7,7,23,24,16,18,25,21
9,Break,ForLoop,7,7,23,24,16,18,25,21
9,Break,ForLoop,7,7,23,24,16,18,25,21
9,Break,ForLoop,7,7,23,24,16,18,25,21
9,Break,ForLoop,7,7,23,24,16,18,25,21
9,Break,ForLoop,7,7,23,24,16,18,25,21
9,Break,ForLoop,7,7,23,24,16,18,25,21
9,Break,ForLoop,7,7,23,24,16,18,25,21
9,Break,ForLoop,7,7,23,24,16,18,25,21
9,Break,ForLoop,7,7,23,24,16,18,25,21
9,Break,ForLoop,7,7,23,24,16,18,25,21
9,Break,ForLoop,7,7,23,24,16,18,25,21
9,Break,ForLoop,7,7,23,24,16,18,25,21
9,Break,ForLoop,7,7,23,24,16,18,25,21
9,Break,ForLoop,7,7,23,24,16,18,25,21
9,Break,ForLoop,7,7,23,24,16,18,25,21
9,Break,ForLoop,7,7,23,24,16,18,25,21
10,Continue,ForLoop,7,7,23,24,17,18,25,21
10,Continue,ForLoop,7,7,23,24,17,18,25,21
10,Continue,ForLoop,7,7,23,24,17,18,25,21
10,Continue,ForLoop,7,7,23,24,17,18,25,21
10,Continue,ForLoop,7,7,23,24,17,18,25,21
10,Continue,ForLoop,7,7,23,24,17,18,25,21
10,Continue,ForLoop,7,7,23,24,17,18,25,21
10,Continue,ForLoop,7,7,23,24,17,18,25,21
10,Continue,ForLoop,7,7,23,24,17,18,25,21
10,Continue,ForLoop,7,7,23,24,17,18,25,21
10,Continue,ForLoop,7,7,23,24,17,18,25,21
10,Continue,ForLoop,7,7,23,24,17,18,25,21
10,Continue,ForLoop,7,7,23,24,17,18,25,21
10,Continue,ForLoop,7,7,23,24,17,18,25,21
10,Continue,ForLoop,7,7,23,24,17,18,25,21
10,Continue,ForLoop,7,7,23,24,17,18,25,21
10,Continue,ForLoop,7,7,23,24,17,18,25,21
11,DestructBase,ForLoop,1,7,7,23,24,18,25,21
11,DestructBase,ForLoop,1,7,7,23,24,18,25,21
11,DestructBase,ForLoop,1,7,7,23,24,18,25,21
11,DestructBase,ForLoop,1,7,7,23,24,18,25,21
11,DestructBase,ForLoop,1,7,7,23,24,18,25,21
11,DestructBase,ForLoop,1,7,7,23,24,18,25,21
11,DestructBase,ForLoop,1,7,7,23,24,18,25,21
11,DestructBase,ForLoop,1,7,7,23,24,18,25,21
11,DestructBase,ForLoop,1,7,7,23,24,18,25,21
11,DestructBase,ForLoop,1,7,7,23,24,18,25,21
11,DestructBase,ForLoop,1,7,7,23,24,18,25,21
11,DestructBase,ForLoop,1,7,7,23,24,18,25,21
11,DestructBase,ForLoop,1,7,7,23,24,18,25,21
11,DestructBase,ForLoop,1,7,7,23,24,18,25,21
11,DestructBase,ForLoop,1,7,7,23,24,18,25,21
11,DestructBase,ForLoop,1,7,7,23,24,18,25,21
11,DestructBase,ForLoop,1,7,7,23,24,18,25,21
12,Destruct,DestructBase,7,7,23,24,1,15,18,25,21
12,Destruct,DestructBase,7,7,23,24,1,15,18,25,21
12,Destruct,DestructBase,7,7,23,24,1,15,18,25,21
12,Destruct,DestructBase,7,7,23,24,1,15,18,25,21
12,Destruct,DestructBase,7,7,23,24,1,15,18,25,21
12,Destruct,DestructBase,7,7,23,24,1,15,18,25,21
12,Destruct,DestructBase,7,7,23,24,1,15,18,25,21
12,Destruct,DestructBase,7,7,23,24,1,15,18,25,21
12,Destruct,DestructBase,7,7,23,24,1,15,18,25,21
12,Destruct,DestructBase,7,7,23,24,1,15,18,25,21
12,Destruct,DestructBase,7,7,23,24,1,15,18,25,21
12,Destruct,DestructBase,7,7,23,24,1,15,18,25,21
12,Destruct,DestructBase,7,7,23,24,1,15,18,25,21
12,Destruct,DestructBase,7,7,23,24,1,15,18,25,21
12,Destruct,DestructBase,7,7,23,24,1,15,18,25,21
12,Destruct,DestructBase,7,7,23,24,1,15,18,25,21
12,Destruct,DestructBase,7,7,23,24,1,15,18,25,21
13,Function,Return,26,21
13,Function,Return,26,21
13,Function,Return,26,21
13,Function,Return,26,21
13,Function,Return,26,21
13,Function,Return,26,21
13,Function,Return,26,21
13,Function,Return,26,21
13,Function,Return,26,21
13,Function,Return,26,21
13,Function,Return,26,21
13,Function,Return,26,21
13,Function,Return,26,21
13,Function,Return,26,21
13,Function,Return,26,21
13,Function,Return,26,21
13,Function,Return,26,21
13,Function,Return,26,21
14,VariableDeclareStr,Return,1,21
14,VariableDeclareStr,Return,1,21
14,VariableDeclareStr,Return,1,21
14,VariableDeclareStr,Return,1,21
14,VariableDeclareStr,Return,1,21
14,VariableDeclareStr,Return,1,21
14,VariableDeclareStr,Return,1,21
14,VariableDeclareStr,Return,1,21
14,VariableDeclareStr,Return,1,21
14,VariableDeclareStr,Return,1,21
14,VariableDeclareStr,Return,1,21
14,VariableDeclareStr,Return,1,21
14,VariableDeclareStr,Return,1,21
14,VariableDeclareStr,Return,1,21
14,VariableDeclareStr,Return,1,21
14,VariableDeclareStr,Return,1,21
14,VariableDeclareStr,Return,1,21
14,VariableDeclareStr,Return,1,21
125,PrimReturnValue_Int8,Return,7,22
125,PrimReturnValue_Int8,Return,7,22
125,PrimReturnValue_Int8,Return,7,22
125,PrimReturnValue_Int8,Return,7,22
125,PrimReturnValue_Int8,Return,7,22
125,PrimReturnValue_Int8,Return,7,22
125,PrimReturnValue_Int8,Return,7,22
125,PrimReturnValue_Int8,Return,7,22
125,PrimReturnValue_Int8,Return,7,22
125,PrimReturnValue_Int8,Return,7,22
125,PrimReturnValue_Int8,Return,7,22
125,PrimReturnValue_Int8,Return,7,22
125,PrimReturnValue_Int8,Return,7,22
125,PrimReturnValue_Int8,Return,7,22
125,PrimReturnValue_Int8,Return,7,22
125,PrimReturnValue_Int8,Return,7,22
125,PrimReturnValue_Int8,Return,7,22
125,PrimReturnValue_Int8,Return,7,22
126,PrimVariableDeclare_Int8,Return,1,21
126,PrimVariableDeclare_Int8,Return,1,21
126,PrimVariableDeclare_Int8,Return,1,21
126,PrimVariableDeclare_Int8,Return,1,21
126,PrimVariableDeclare_Int8,Return,1,21
126,PrimVariableDeclare_Int8,Return,1,21
126,PrimVariableDeclare_Int8,Return,1,21
126,PrimVariableDeclare_Int8,Return,1,21
126,PrimVariableDeclare_Int8,Return,1,21
126,PrimVariableDeclare_Int8,Return,1,21
126,PrimVariableDeclare_Int8,Return,1,21
126,PrimVariableDeclare_Int8,Return,1,21
126,PrimVariableDeclare_Int8,Return,1,21
126,PrimVariableDeclare_Int8,Return,1,21
126,PrimVariableDeclare_Int8,Return,1,21
126,PrimVariableDeclare_Int8,Return,1,21
126,PrimVariableDeclare_Int8,Return,1,21
126,PrimVariableDeclare_Int8,Return,1,21
127,PrimVariableDeclareAssign_Int8,Return,7,2,21
127,PrimVariableDeclareAssign_Int8,Return,7,2,21
127,PrimVariableDeclareAssign_Int8,Return,7,2,21
127,PrimVariableDeclareAssign_Int8,Return,7,2,21
127,PrimVariableDeclareAssign_Int8,Return,7,2,21
127,PrimVariableDeclareAssign_Int8,Return,7,2,21
127,PrimVariableDeclareAssign_Int8,Return,7,2,21
127,PrimVariableDeclareAssign_Int8,Return,7,2,21
127,PrimVariableDeclareAssign_Int8,Return,7,2,21
127,PrimVariableDeclareAssign_Int8,Return,7,2,21
127,PrimVariableDeclareAssign_Int8,Return,7,2,21
127,PrimVariableDeclareAssign_Int8,Return,7,2,21
127,PrimVariableDeclareAssign_Int8,Return,7,2,21
127,PrimVariableDeclareAssign_Int8,Return,7,2,21
127,PrimVariableDeclareAssign_Int8,Return,7,2,21
127,PrimVariableDeclareAssign_Int8,Return,7,2,21
127,PrimVariableDeclareAssign_Int8,Return,7,2,21
127,PrimVariableDeclareAssign_Int8,Return,7,2,21
128,PrimPushConst_Int8,Return,7,14,21
128,PrimPushConst_Int8,Return,7,14,21
128,PrimPushConst_Int8,Return,7,14,21
128,PrimPushConst_Int8,Return,7,14,21
128,PrimPushConst_Int8,Return,7,14,21
128,PrimPushConst_Int8,Return,7,14,21
128,PrimPushConst_Int8,Return,7,14,21
128,PrimPushConst_Int8,Return,7,14,21
128,PrimPushConst_Int8,Return,7,14,21
128,PrimPushConst_Int8,Return,7,14,21
128,PrimPushConst_Int8,Return,7,14,21
128,PrimPushConst_Int8,Return,7,14,21
128,PrimPushConst_Int8,Return,7,14,21
128,PrimPushConst_Int8,Return,7,14,21
128,PrimPushConst_Int8,Return,7,14,21
128,PrimPushConst_Int8,Return,7,14,21
128,PrimPushConst_Int8,Return,7,14,21
128,PrimPushConst_Int8,Return,7,14,21
129,PrimPushVariable_Int8,PrimPushConst_Int8,7,2,8,14,21
129,PrimPushVariable_Int8,PrimPushConst_Int8,7,2,8,14,21
129,PrimPushVariable_Int8,PrimPushConst_Int8,7,2,8,14,21
129,PrimPushVariable_Int8,PrimPushConst_Int8,7,2,8,14,21
129,PrimPushVariable_Int8,PrimPushConst_Int8,7,2,8,14,21
129,PrimPushVariable_Int8,PrimPushConst_Int8,7,2,8,14,21
129,PrimPushVariable_Int8,PrimPushConst_Int8,7,2,8,14,21
129,PrimPushVariable_Int8,PrimPushConst_Int8,7,2,8,14,21
129,PrimPushVariable_Int8,PrimPushConst_Int8,7,2,8,14,21
129,PrimPushVariable_Int8,PrimPushConst_Int8,7,2,8,14,21
129,PrimPushVariable_Int8,PrimPushConst_Int8,7,2,8,14,21
129,PrimPushVariable_Int8,PrimPushConst_Int8,7,2,8,14,21
129,PrimPushVariable_Int8,PrimPushConst_Int8,7,2,8,14,21
129,PrimPushVariable_Int8,PrimPushConst_Int8,7,2,8,14,21
129,PrimPushVariable_Int8,PrimPushConst_Int8,7,2,8,14,21
129,PrimPushVariable_Int8,PrimPushConst_Int8,7,2,8,14,21
129,PrimPushVariable_Int8,PrimPushConst_Int8,7,2,8,14,21
129,PrimPushVariable_Int8,PrimPushConst_Int8,7,2,8,14,21
130,PrimPopToVariable_Int8,PrimVariableDeclareAssign_Int8,7,2,8,9,21
130,PrimPopToVariable_Int8,PrimVariableDeclareAssign_Int8,7,2,8,9,21
130,PrimPopToVariable_Int8,PrimVariableDeclareAssign_Int8,7,2,8,9,21
130,PrimPopToVariable_Int8,PrimVariableDeclareAssign_Int8,7,2,8,9,21
130,PrimPopToVariable_Int8,PrimVariableDeclareAssign_Int8,7,2,8,9,21
130,PrimPopToVariable_Int8,PrimVariableDeclareAssign_Int8,7,2,8,9,21
130,PrimPopToVariable_Int8,PrimVariableDeclareAssign_Int8,7,2,8,9,21
130,PrimPopToVariable_Int8,PrimVariableDeclareAssign_Int8,7,2,8,9,21
130,PrimPopToVariable_Int8,PrimVariableDeclareAssign_Int8,7,2,8,9,21
130,PrimPopToVariable_Int8,PrimVariableDeclareAssign_Int8,7,2,8,9,21
130,PrimPopToVariable_Int8,PrimVariableDeclareAssign_Int8,7,2,8,9,21
130,PrimPopToVariable_Int8,PrimVariableDeclareAssign_Int8,7,2,8,9,21
130,PrimPopToVariable_Int8,PrimVariableDeclareAssign_Int8,7,2,8,9,21
130,PrimPopToVariable_Int8,PrimVariableDeclareAssign_Int8,7,2,8,9,21
130,PrimPopToVariable_Int8,PrimVariableDeclareAssign_Int8,7,2,8,9,21
130,PrimPopToVariable_Int8,PrimVariableDeclareAssign_Int8,7,2,8,9,21
130,PrimPopToVariable_Int8,PrimVariableDeclareAssign_Int8,7,2,8,9,21
130,PrimPopToVariable_Int8,PrimVariableDeclareAssign_Int8,7,2,8,9,21
131,PrimAdd_Int8,PrimPushVariable_Int8,7,2,8,8,48,14,21
131,PrimAdd_Int8,PrimPushVariable_Int8,7,2,8,8,48,14,21
131,PrimAdd_Int8,PrimPushVariable_Int8,7,2,8,8,48,14,21
131,PrimAdd_Int8,PrimPushVariable_Int8,7,2,8,8,48,14,21
131,PrimAdd_Int8,PrimPushVariable_Int8,7,2,8,8,48,14,21
131,PrimAdd_Int8,PrimPushVariable_Int8,7,2,8,8,48,14,21
131,PrimAdd_Int8,PrimPushVariable_Int8,7,2,8,8,48,14,21
131,PrimAdd_Int8,PrimPushVariable_Int8,7,2,8,8,48,14,21
131,PrimAdd_Int8,PrimPushVariable_Int8,7,2,8,8,48,14,21
131,PrimAdd_Int8,PrimPushVariable_Int8,7,2,8,8,48,14,21
131,PrimAdd_Int8,PrimPushVariable_Int8,7,2,8,8,48,14,21
131,PrimAdd_Int8,PrimPushVariable_Int8,7,2,8,8,48,14,21
131,PrimAdd_Int8,PrimPushVariable_Int8,7,2,8,8,48,14,21
131,PrimAdd_Int8,PrimPushVariable_Int8,7,2,8,8,48,14,21
131,PrimAdd_Int8,PrimPushVariable_Int8,7,2,8,8,48,14,21
131,PrimAdd_Int8,PrimPushVariable_Int8,7,2,8,8,48,14,21
131,PrimAdd_Int8,PrimPushVariable_Int8,7,2,8,8,48,14,21
132,PrimSubtract_Int8,PrimPushVariable_Int8,7,2,8,8,55,14,21
132,PrimSubtract_Int8,PrimPushVariable_Int8,7,2,8,8,55,14,21
132,PrimSubtract_Int8,PrimPushVariable_Int8,7,2,8,8,55,14,21
132,PrimSubtract_Int8,PrimPushVariable_Int8,7,2,8,8,55,14,21
132,PrimSubtract_Int8,PrimPushVariable_Int8,7,2,8,8,55,14,21
132,PrimSubtract_Int8,PrimPushVariable_Int8,7,2,8,8,55,14,21
132,PrimSubtract_Int8,PrimPushVariable_Int8,7,2,8,8,55,14,21
132,PrimSubtract_Int8,PrimPushVariable_Int8,7,2,8,8,55,14,21
132,PrimSubtract_Int8,PrimPushVariable_Int8,7,2,8,8,55,14,21
132,PrimSubtract_Int8,PrimPushVariable_Int8,7,2,8,8,55,14,21
132,PrimSubtract_Int8,PrimPushVariable_Int8,7,2,8,8,55,14,21
132,PrimSubtract_Int8,PrimPushVariable_Int8,7,2,8,8,55,14,21
132,PrimSubtract_Int8,PrimPushVariable_Int8,7,2,8,8,55,14,21
132,PrimSubtract_Int8,PrimPushVariable_Int8,7,2,8,8,55,14,21
132,PrimSubtract_Int8,PrimPushVariable_Int8,7,2,8,8,55,14,21
132,PrimSubtract_Int8,PrimPushVariable_Int8,7,2,8,8,55,14,21
132,PrimSubtract_Int8,PrimPushVariable_Int8,7,2,8,8,55,14,21
133,PrimMultiply_Int8,PrimPushVariable_Int8,7,2,8,8,62,14,21
133,PrimMultiply_Int8,PrimPushVariable_Int8,7,2,8,8,62,14,21
133,PrimMultiply_Int8,PrimPushVariable_Int8,7,2,8,8,62,14,21
133,PrimMultiply_Int8,PrimPushVariable_Int8,7,2,8,8,62,14,21
133,PrimMultiply_Int8,PrimPushVariable_Int8,7,2,8,8,62,14,21
133,PrimMultiply_Int8,PrimPushVariable_Int8,7,2,8,8,62,14,21
133,PrimMultiply_Int8,PrimPushVariable_Int8,7,2,8,8,62,14,21
133,PrimMultiply_Int8,PrimPushVariable_Int8,7,2,8,8,62,14,21
133,PrimMultiply_Int8,PrimPushVariable_Int8,7,2,8,8,62,14,21
133,PrimMultiply_Int8,PrimPushVariable_Int8,7,2,8,8,62,14,21
133,PrimMultiply_Int8,PrimPushVariable_Int8,7,2,8,8,62,14,21
133,PrimMultiply_Int8,PrimPushVariable_Int8,7,2,8,8,62,14,21
133,PrimMultiply_Int8,PrimPushVariable_Int8,7,2,8,8,62,14,21
133,PrimMultiply_Int8,PrimPushVariable_Int8,7,2,8,8,62,14,21
133,PrimMultiply_Int8,PrimPushVariable_Int8,7,2,8,8,62,14,21
133,PrimMultiply_Int8,PrimPushVariable_Int8,7,2,8,8,62,14,21
133,PrimMultiply_Int8,PrimPushVariable_Int8,7,2,8,8,62,14,21
134,PrimDivide_Int8,PrimPushVariable_Int8,7,2,8,8,69,14,21
134,PrimDivide_Int8,PrimPushVariable_Int8,7,2,8,8,69,14,21
134,PrimDivide_Int8,PrimPushVariable_Int8,7,2,8,8,69,14,21
134,PrimDivide_Int8,PrimPushVariable_Int8,7,2,8,8,69,14,21
134,PrimDivide_Int8,PrimPushVariable_Int8,7,2,8,8,69,14,21
134,PrimDivide_Int8,PrimPushVariable_Int8,7,2,8,8,69,14,21
134,PrimDivide_Int8,PrimPushVariable_Int8,7,2,8,8,69,14,21
134,PrimDivide_Int8,PrimPushVariable_Int8,7,2,8,8,69,14,21
134,PrimDivide_Int8,PrimPushVariable_Int8,7,2,8,8,69,14,21
134,PrimDivide_Int8,PrimPushVariable_Int8,7,2,8,8,69,14,21
134,PrimDivide_Int8,PrimPushVariable_Int8,7,2,8,8,69,14,21
134,PrimDivide_Int8,PrimPushVariable_Int8,7,2,8,8,69,14,21
134,PrimDivide_Int8,PrimPushVariable_Int8,7,2,8,8,69,14,21
134,PrimDivide_Int8,PrimPushVariable_Int8,7,2,8,8,69,14,21
134,PrimDivide_Int8,PrimPushVariable_Int8,7,2,8,8,69,14,21
134,PrimDivide_Int8,PrimPushVariable_Int8,7,2,8,8,69,14,21
134,PrimDivide_Int8,PrimPushVariable_Int8,7,2,8,8,69,14,21
135,PrimNegate_Int8,PrimPushVariable_Int8,7,2,8,46,14,21
135,PrimNegate_Int8,PrimPushVariable_Int8,7,2,8,46,14,21
135,PrimNegate_Int8,PrimPushVariable_Int8,7,2,8,46,14,21
135,PrimNegate_Int8,PrimPushVariable_Int8,7,2,8,46,14,21
135,PrimNegate_Int8,PrimPushVariable_Int8,7,2,8,46,14,21
135,PrimNegate_Int8,PrimPushVariable_Int8,7,2,8,46,14,21
135,PrimNegate_Int8,PrimPushVariable_Int8,7,2,8,46,14,21
135,PrimNegate_Int8,PrimPushVariable_Int8,7,2,8,46,14,21
135,PrimNegate_Int8,PrimPushVariable_Int8,7,2,8,46,14,21
135,PrimNegate_Int8,PrimPushVariable_Int8,7,2,8,46,14,21
135,PrimNegate_Int8,PrimPushVariable_Int8,7,2,8,46,14,21
135,PrimNegate_Int8,PrimPushVariable_Int8,7,2,8,46,14,21
135,PrimNegate_Int8,PrimPushVariable_Int8,7,2,8,46,14,21
135,PrimNegate_Int8,PrimPushVariable_Int8,7,2,8,46,14,21
135,PrimNegate_Int8,PrimPushVariable_Int8,7,2,8,46,14,21
135,PrimNegate_Int8,PrimPushVariable_Int8,7,2,8,46,14,21
135,PrimNegate_Int8,PrimPushVariable_Int8,7,2,8,46,14,21
136,PrimEqual_Int8,PrimPushVariable_Int8,7,2,8,8,34,14,21
136,PrimEqual_Int8,PrimPushVariable_Int8,7,2,8,8,34,14,21
136,PrimEqual_Int8,PrimPushVariable_Int8,7,2,8,8,34,14,21
136,PrimEqual_Int8,PrimPushVariable_Int8,7,2,8,8,34,14,21
136,PrimEqual_Int8,PrimPushVariable_Int8,7,2,8,8,34,14,21
136,PrimEqual_Int8,PrimPushVariable_Int8,7,2,8,8,34,14,21
136,PrimEqual_Int8,PrimPushVariable_Int8,7,2,8,8,34,14,21
136,PrimEqual_Int8,PrimPushVariable_Int8,7,2,8,8,34,14,21
136,PrimEqual_Int8,PrimPushVariable_Int8,7,2,8,8,34,14,21
136,PrimEqual_Int8,PrimPushVariable_Int8,7,2,8,8,34,14,21
136,PrimEqual_Int8,PrimPushVariable_Int8,7,2,8,8,34,14,21
136,PrimEqual_Int8,PrimPushVariable_Int8,7,2,8,8,34,14,21
136,PrimEqual_Int8,PrimPushVariable_Int8,7,2,8,8,34,14,21
136,PrimEqual_Int8,PrimPushVariable_Int8,7,2,8,8,34,14,21
136,PrimEqual_Int8,PrimPushVariable_Int8,7,2,8,8,34,14,21
136,PrimEqual_Int8,PrimPushVariable_Int8,7,2,8,8,34,14,21
136,PrimEqual_Int8,PrimPushVariable_Int8,7,2,8,8,34,14,21
137,PrimNotEqual_Int8,PrimPushVariable_Int8,7,2,8,8,36,14,21
137,PrimNotEqual_Int8,PrimPushVariable_Int8,7,2,8,8,36,14,21
137,PrimNotEqual_Int8,PrimPushVariable_Int8,7,2,8,8,36,14,21
137,PrimNotEqual_Int8,PrimPushVariable_Int8,7,2,8,8,36,14,21
137,PrimNotEqual_Int8,PrimPushVariable_Int8,7,2,8,8,36,14,21
137,PrimNotEqual_Int8,PrimPushVariable_Int8,7,2,8,8,36,14,21
137,PrimNotEqual_Int8,PrimPushVariable_Int8,7,2,8,8,36,14,21
137,PrimNotEqual_Int8,PrimPushVariable_Int8,7,2,8,8,36,14,21
137,PrimNotEqual_Int8,PrimPushVariable_Int8,7,2,8,8,36,14,21
137,PrimNotEqual_Int8,PrimPushVariable_Int8,7,2,8,8,36,14,21
137,PrimNotEqual_Int8,PrimPushVariable_Int8,7,2,8,8,36,14,21
137,PrimNotEqual_Int8,PrimPushVariable_Int8,7,2,8,8,36,14,21
137,PrimNotEqual_Int8,PrimPushVariable_Int8,7,2,8,8,36,14,21
137,PrimNotEqual_Int8,PrimPushVariable_Int8,7,2,8,8,36,14,21
137,PrimNotEqual_Int8,PrimPushVariable_Int8,7,2,8,8,36,14,21
137,PrimNotEqual_Int8,PrimPushVariable_Int8,7,2,8,8,36,14,21
137,PrimNotEqual_Int8,PrimPushVariable_Int8,7,2,8,8,36,14,21
138,PrimLessThan_Int8,PrimPushVariable_Int8,7,2,8,8,38,14,21
138,PrimLessThan_Int8,PrimPushVariable_Int8,7,2,8,8,38,14,21
138,PrimLessThan_Int8,PrimPushVariable_Int8,7,2,8,8,38,14,21
138,PrimLessThan_Int8,PrimPushVariable_Int8,7,2,8,8,38,14,21
138,PrimLessThan_Int8,PrimPushVariable_Int8,7,2,8,8,38,14,21
138,PrimLessThan_Int8,PrimPushVariable_Int8,7,2,8,8,38,14,21
138,PrimLessThan_Int8,PrimPushVariable_Int8,7,2,8,8,38,14,21
138,PrimLessThan_Int8,PrimPushVariable_Int8,7,2,8,8,38,14,21
138,PrimLessThan_Int8,PrimPushVariable_Int8,7,2,8,8,38,14,21
138,PrimLessThan_Int8,PrimPushVariable_Int8,7,2,8,8,38,14,21
138,PrimLessThan_Int8,PrimPushVariable_Int8,7,2,8,8,38,14,21
138,PrimLessThan_Int8,PrimPushVariable_Int8,7,2,8,8,38,14,21
138,PrimLessThan_Int8,PrimPushVariable_Int8,7,2,8,8,38,14,21
138,PrimLessThan_Int8,PrimPushVariable_Int8,7,2,8,8,38,14,21
138,PrimLessThan_Int8,PrimPushVariable_Int8,7,2,8,8,38,14,21
138,PrimLessThan_Int8,PrimPushVariable_Int8,7,2,8,8,38,14,21
138,PrimLessThan_Int8,PrimPushVariable_Int8,7,2,8,8,38,14,21
139,PrimGreaterThan_Int8,PrimPushVariable_Int8,7,2,8,8,42,14,21
139,PrimGreaterThan_Int8,PrimPushVariable_Int8,7,2,8,8,42,14,21
139,PrimGreaterThan_Int8,PrimPushVariable_Int8,7,2,8,8,42,14,21
139,PrimGreaterThan_Int8,PrimPushVariable_Int8,7,2,8,8,42,14,21
139,PrimGreaterThan_Int8,PrimPushVariable_Int8,7,2,8,8,42,14,21
139,PrimGreaterThan_Int8,PrimPushVariable_Int8,7,2,8,8,42,14,21
139,PrimGreaterThan_Int8,PrimPushVariable_Int8,7,2,8,8,42,14,21
139,PrimGreaterThan_Int8,PrimPushVariable_Int8,7,2,8,8,42,14,21
139,PrimGreaterThan_Int8,PrimPushVariable_Int8,7,2,8,8,42,14,21
139,PrimGreaterThan_Int8,PrimPushVariable_Int8,7,2,8,8,42,14,21
139,PrimGreaterThan_Int8,PrimPushVariable_Int8,7,2,8,8,42,14,21
139,PrimGreaterThan_Int8,PrimPushVariable_Int8,7,2,8,8,42,14,21
139,PrimGreaterThan_Int8,PrimPushVariable_Int8,7,2,8,8,42,14,21
139,PrimGreaterThan_Int8,PrimPushVariable_Int8,7,2,8,8,42,14,21
139,PrimGreaterThan_Int8,PrimPushVariable_Int8,7,2,8,8,42,14,21
139,PrimGreaterThan_Int8,PrimPushVariable_Int8,7,2,8,8,42,14,21
139,PrimGreaterThan_Int8,PrimPushVariable_Int8,7,2,8,8,42,14,21
140,PrimLessThanOrEqual_Int8,PrimPushVariable_Int8,7,2,8,8,40,14,21
140,PrimLessThanOrEqual_Int8,PrimPushVariable_Int8,7,2,8,8,40,14,21
140,PrimLessThanOrEqual_Int8,PrimPushVariable_Int8,7,2,8,8,40,14,21
140,PrimLessThanOrEqual_Int8,PrimPushVariable_Int8,7,2,8,8,40,14,21
140,PrimLessThanOrEqual_Int8,PrimPushVariable_Int8,7,2,8,8,40,14,21
140,PrimLessThanOrEqual_Int8,PrimPushVariable_Int8,7,2,8,8,40,14,21
140,PrimLessThanOrEqual_Int8,PrimPushVariable_Int8,7,2,8,8,40,14,21
140,PrimLessThanOrEqual_Int8,PrimPushVariable_Int8,7,2,8,8,40,14,21
140,PrimLessThanOrEqual_Int8,PrimPushVariable_Int8,7,2,8,8,40,14,21
140,PrimLessThanOrEqual_Int8,PrimPushVariable_Int8,7,2,8,8,40,14,21
140,PrimLessThanOrEqual_Int8,PrimPushVariable_Int8,7,2,8,8,40,14,21
140,PrimLessThanOrEqual_Int8,PrimPushVariable_Int8,7,2,8,8,40,14,21
140,PrimLessThanOrEqual_Int8,PrimPushVariable_Int8,7,2,8,8,40,14,21
140,PrimLessThanOrEqual_Int8,PrimPushVariable_Int8,7,2,8,8,40,14,21
140,PrimLessThanOrEqual_Int8,PrimPushVariable_Int8,7,2,8,8,40,14,21
140,PrimLessThanOrEqual_Int8,PrimPushVariable_Int8,7,2,8,8,40,14,21
140,PrimLessThanOrEqual_Int8,PrimPushVariable_Int8,7,2,8,8,40,14,21
141,PrimGreaterThanOrEqual_Int8,PrimPushVariable_Int8,7,2,8,8,44,14,21
141,PrimGreaterThanOrEqual_Int8,PrimPushVariable_Int8,7,2,8,8,44,14,21
141,PrimGreaterThanOrEqual_Int8,PrimPushVariable_Int8,7,2,8,8,44,14,21
141,PrimGreaterThanOrEqual_Int8,PrimPushVariable_Int8,7,2,8,8,44,14,21
141,PrimGreaterThanOrEqual_Int8,PrimPushVariable_Int8,7,2,8,8,44,14,21
141,PrimGreaterThanOrEqual_Int8,PrimPushVariable_Int8,7,2,8,8,44,14,21
141,PrimGreaterThanOrEqual_Int8,PrimPushVariable_Int8,7,2,8,8,44,14,21
141,PrimGreaterThanOrEqual_Int8,PrimPushVariable_Int8,7,2,8,8,44,14,21
141,PrimGreaterThanOrEqual_Int8,PrimPushVariable_Int8,7,2,8,8,44,14,21
141,PrimGreaterThanOrEqual_Int8,PrimPushVariable_Int8,7,2,8,8,44,14,21
141,PrimGreaterThanOrEqual_Int8,PrimPushVariable_Int8,7,2,8,8,44,14,21
141,PrimGreaterThanOrEqual_Int8,PrimPushVariable_Int8,7,2,8,8,44,14,21
141,PrimGreaterThanOrEqual_Int8,PrimPushVariable_Int8,7,2,8,8,44,14,21
141,PrimGreaterThanOrEqual_Int8,PrimPushVariable_Int8,7,2,8,8,44,14,21
141,PrimGreaterThanOrEqual_Int8,PrimPushVariable_Int8,7,2,8,8,44,14,21
141,PrimGreaterThanOrEqual_Int8,PrimPushVariable_Int8,7,2,8,8,44,14,21
141,PrimGreaterThanOrEqual_Int8,PrimPushVariable_Int8,7,2,8,8,44,14,21
142,PrimVariablePrefixInc_Int8,PrimVariableDeclareAssign_Int8,7,2,27,14,21
142,PrimVariablePrefixInc_Int8,PrimVariableDeclareAssign_Int8,7,2,27,14,21
142,PrimVariablePrefixInc_Int8,PrimVariableDeclareAssign_Int8,7,2,27,14,21
142,PrimVariablePrefixInc_Int8,PrimVariableDeclareAssign_Int8,7,2,27,14,21
142,PrimVariablePrefixInc_Int8,PrimVariableDeclareAssign_Int8,7,2,27,14,21
142,PrimVariablePrefixInc_Int8,PrimVariableDeclareAssign_Int8,7,2,27,14,21
142,PrimVariablePrefixInc_Int8,PrimVariableDeclareAssign_Int8,7,2,27,14,21
142,PrimVariablePrefixInc_Int8,PrimVariableDeclareAssign_Int8,7,2,27,14,21
142,PrimVariablePrefixInc_Int8,PrimVariableDeclareAssign_Int8,7,2,27,14,21
142,PrimVariablePrefixInc_Int8,PrimVariableDeclareAssign_Int8,7,2,27,14,21
142,PrimVariablePrefixInc_Int8,PrimVariableDeclareAssign_Int8,7,2,27,14,21
142,PrimVariablePrefixInc_Int8,PrimVariableDeclareAssign_Int8,7,2,27,14,21
142,PrimVariablePrefixInc_Int8,PrimVariableDeclareAssign_Int8,7,2,27,14,21
142,PrimVariablePrefixInc_Int8,PrimVariableDeclareAssign_Int8,7,2,27,14,21
142,PrimVariablePrefixInc_Int8,PrimVariableDeclareAssign_Int8,7,2,27,14,21
142,PrimVariablePrefixInc_Int8,PrimVariableDeclareAssign_Int8,7,2,27,14,21
142,PrimVariablePrefixInc_Int8,PrimVariableDeclareAssign_Int8,7,2,27,14,21
142,PrimVariablePrefixInc_Int8,PrimVariableDeclareAssign_Int8,7,2,27,14,21
143,PrimVariablePrefixDec_Int8,PrimVariableDeclareAssign_Int8,7,2,28,14,21
143,PrimVariablePrefixDec_Int8,PrimVariableDeclareAssign_Int8,7,2,28,14,21
143,PrimVariablePrefixDec_Int8,PrimVariableDeclareAssign_Int8,7,2,28,14,21
143,PrimVariablePrefixDec_Int8,PrimVariableDeclareAssign_Int8,7,2,28,14,21
143,PrimVariablePrefixDec_Int8,PrimVariableDeclareAssign_Int8,7,2,28,14,21
143,PrimVariablePrefixDec_Int8,PrimVariableDeclareAssign_Int8,7,2,28,14,21
143,PrimVariablePrefixDec_Int8,PrimVariableDeclareAssign_Int8,7,2,28,14,21
143,PrimVariablePrefixDec_Int8,PrimVariableDeclareAssign_Int8,7,2,28,14,21
143,PrimVariablePrefixDec_Int8,PrimVariableDeclareAssign_Int8,7,2,28,14,21
143,PrimVariablePrefixDec_Int8,PrimVariableDeclareAssign_Int8,7,2,28,14,21
143,PrimVariablePrefixDec_Int8,PrimVariableDeclareAssign_Int8,7,2,28,14,21
143,PrimVariablePrefixDec_Int8,PrimVariableDeclareAssign_Int8,7,2,28,14,21
143,PrimVariablePrefixDec_Int8,PrimVariableDeclareAssign_Int8,7,2,28,14,21
143,PrimVariablePrefixDec_Int8,PrimVariableDeclareAssign_Int8,7,2,28,14,21
143,PrimVariablePrefixDec_Int8,PrimVariableDeclareAssign_Int8,7,2,28,14,21
143,PrimVariablePrefixDec_Int8,PrimVariableDeclareAssign_Int8,7,2,28,14,21
143,PrimVariablePrefixDec_Int8,PrimVariableDeclareAssign_Int8,7,2,28,14,21
143,PrimVariablePrefixDec_Int8,PrimVariableDeclareAssign_Int8,7,2,28,14,21
144,PrimVariablePostfixInc_Int8,PrimVariableDeclareAssign_Int8,7,2,29,14,21
144,PrimVariablePostfixInc_Int8,PrimVariableDeclareAssign_Int8,7,2,29,14,21
144,PrimVariablePostfixInc_Int8,PrimVariableDeclareAssign_Int8,7,2,29,14,21
144,PrimVariablePostfixInc_Int8,PrimVariableDeclareAssign_Int8,7,2,29,14,21
144,PrimVariablePostfixInc_Int8,PrimVariableDeclareAssign_Int8,7,2,29,14,21
144,PrimVariablePostfixInc_Int8,PrimVariableDeclareAssign_Int8,7,2,29,14,21
144,PrimVariablePostfixInc_Int8,PrimVariableDeclareAssign_Int8,7,2,29,14,21
144,PrimVariablePostfixInc_Int8,PrimVariableDeclareAssign_Int8,7,2,29,14,21
144,PrimVariablePostfixInc_Int8,PrimVariableDeclareAssign_Int8,7,2,29,14,21
144,PrimVariablePostfixInc_Int8,PrimVariableDeclareAssign_Int8,7,2,29,14,21
144,PrimVariablePostfixInc_Int8,PrimVariableDeclareAssign_Int8,7,2,29,14,21
144,PrimVariablePostfixInc_Int8,PrimVariableDeclareAssign_Int8,7,2,29,14,21
144,PrimVariablePostfixInc_Int8,PrimVariableDeclareAssign_Int8,7,2,29,14,21
144,PrimVariablePostfixInc_Int8,PrimVariableDeclareAssign_Int8,7,2,29,14,21
144,PrimVariablePostfixInc_Int8,PrimVariableDeclareAssign_Int8,7,2,29,14,21
144,PrimVariablePostfixInc_Int8,PrimVariableDeclareAssign_Int8,7,2,29,14,21
144,PrimVariablePostfixInc_Int8,PrimVariableDeclareAssign_Int8,7,2,29,14,21
144,PrimVariablePostfixInc_Int8,PrimVariableDeclareAssign_Int8,7,2,29,14,21
145,PrimVariablePostfixDec_Int8,PrimVariableDeclareAssign_Int8,7,2,30,14,21
145,PrimVariablePostfixDec_Int8,PrimVariableDeclareAssign_Int8,7,2,30,14,21
145,PrimVariablePostfixDec_Int8,PrimVariableDeclareAssign_Int8,7,2,30,14,21
145,PrimVariablePostfixDec_Int8,PrimVariableDeclareAssign_Int8,7,2,30,14,21
145,PrimVariablePostfixDec_Int8,PrimVariableDeclareAssign_Int8,7,2,30,14,21
145,PrimVariablePostfixDec_Int8,PrimVariableDeclareAssign_Int8,7,2,30,14,21
145,PrimVariablePostfixDec_Int8,PrimVariableDeclareAssign_Int8,7,2,30,14,21
145,PrimVariablePostfixDec_Int8,PrimVariableDeclareAssign_Int8,7,2,30,14,21
145,PrimVariablePostfixDec_Int8,PrimVariableDeclareAssign_Int8,7,2,30,14,21
145,PrimVariablePostfixDec_Int8,PrimVariableDeclareAssign_Int8,7,2,30,14,21
145,PrimVariablePostfixDec_Int8,PrimVariableDeclareAssign_Int8,7,2,30,14,21
145,PrimVariablePostfixDec_Int8,PrimVariableDeclareAssign_Int8,7,2,30,14,21
145,PrimVariablePostfixDec_Int8,PrimVariableDeclareAssign_Int8,7,2,30,14,21
145,PrimVariablePostfixDec_Int8,PrimVariableDeclareAssign_Int8,7,2,30,14,21
145,PrimVariablePostfixDec_Int8,PrimVariableDeclareAssign_Int8,7,2,30,14,21
145,PrimVariablePostfixDec_Int8,PrimVariableDeclareAssign_Int8,7,2,30,14,21
145,PrimVariablePostfixDec_Int8,PrimVariableDeclareAssign_Int8,7,2,30,14,21
145,PrimVariablePostfixDec_Int8,PrimVariableDeclareAssign_Int8,7,2,30,14,21
146,PrimVariableInplaceAdd_Int8,PrimVariableDeclareAssign_Int8,7,2,8,52,21
146,PrimVariableInplaceAdd_Int8,PrimVariableDeclareAssign_Int8,7,2,8,52,21
146,PrimVariableInplaceAdd_Int8,PrimVariableDeclareAssign_Int8,7,2,8,52,21
146,PrimVariableInplaceAdd_Int8,PrimVariableDeclareAssign_Int8,7,2,8,52,21
146,PrimVariableInplaceAdd_Int8,PrimVariableDeclareAssign_Int8,7,2,8,52,21
146,PrimVariableInplaceAdd_Int8,PrimVariableDeclareAssign_Int8,7,2,8,52,21
146,PrimVariableInplaceAdd_Int8,PrimVariableDeclareAssign_Int8,7,2,8,52,21
146,PrimVariableInplaceAdd_Int8,PrimVariableDeclareAssign_Int8,7,2,8,52,21
146,PrimVariableInplaceAdd_Int8,PrimVariableDeclareAssign_Int8,7,2,8,52,21
146,PrimVariableInplaceAdd_Int8,PrimVariableDeclareAssign_Int8,7,2,8,52,21
146,PrimVariableInplaceAdd_Int8,PrimVariableDeclareAssign_Int8,7,2,8,52,21
146,PrimVariableInplaceAdd_Int8,PrimVariableDeclareAssign_Int8,7,2,8,52,21
146,PrimVariableInplaceAdd_Int8,PrimVariableDeclareAssign_Int8,7,2,8,52,21
146,PrimVariableInplaceAdd_Int8,PrimVariableDeclareAssign_Int8,7,2,8,52,21
146,PrimVariableInplaceAdd_Int8,PrimVariableDeclareAssign_Int8,7,2,8,52,21
146,PrimVariableInplaceAdd_Int8,PrimVariableDeclareAssign_Int8,7,2,8,52,21
146,PrimVariableInplaceAdd_Int8,PrimVariableDeclareAssign_Int8,7,2,8,52,21
146,PrimVariableInplaceAdd_Int8,PrimVariableDeclareAssign_Int8,7,2,8,52,21
147,PrimVariableInplaceSubtract_Int8,PrimVariableDeclareAssign_Int8,7,2,8,59,21
147,PrimVariableInplaceSubtract_Int8,PrimVariableDeclareAssign_Int8,7,2,8,59,21
147,PrimVariableInplaceSubtract_Int8,PrimVariableDeclareAssign_Int8,7,2,8,59,21
147,PrimVariableInplaceSubtract_Int8,PrimVariableDeclareAssign_Int8,7,2,8,59,21
147,PrimVariableInplaceSubtract_Int8,PrimVariableDeclareAssign_Int8,7,2,8,59,21
147,PrimVariableInplaceSubtract_Int8,PrimVariableDeclareAssign_Int8,7,2,8,59,21
147,PrimVariableInplaceSubtract_Int8,PrimVariableDeclareAssign_Int8,7,2,8,59,21
147,PrimVariableInplaceSubtract_Int8,PrimVariableDeclareAssign_Int8,7,2,8,59,21
147,PrimVariableInplaceSubtract_Int8,PrimVariableDeclareAssign_Int8,7,2,8,59,21
147,PrimVariableInplaceSubtract_Int8,PrimVariableDeclareAssign_Int8,7,2,8,59,21
147,PrimVariableInplaceSubtract_Int8,PrimVariableDeclareAssign_Int8,7,2,8,59,21
147,PrimVariableInplaceSubtract_Int8,PrimVariableDeclareAssign_Int8,7,2,8,59,21
147,PrimVariableInplaceSubtract_Int8,PrimVariableDeclareAssign_Int8,7,2,8,59,21
147,PrimVariableInplaceSubtract_Int8,PrimVariableDeclareAssign_Int8,7,2,8,59,21
147,PrimVariableInplaceSubtract_Int8,PrimVariableDeclareAssign_Int8,7,2,8,59,21
147,PrimVariableInplaceSubtract_Int8,PrimVariableDeclareAssign_Int8,7,2,8,59,21
147,PrimVariableInplaceSubtract_Int8,PrimVariableDeclareAssign_Int8,7,2,8,59,21
147,PrimVariableInplaceSubtract_Int8,PrimVariableDeclareAssign_Int8,7,2,8,59,21
148,PrimVariableInplaceMultiply_Int8,PrimVariableDeclareAssign_Int8,7,2,8,66,21
148,PrimVariableInplaceMultiply_Int8,PrimVariableDeclareAssign_Int8,7,2,8,66,21
148,PrimVariableInplaceMultiply_Int8,PrimVariableDeclareAssign_Int8,7,2,8,66,21
148,PrimVariableInplaceMultiply_Int8,PrimVariableDeclareAssign_Int8,7,2,8,66,21
148,PrimVariableInplaceMultiply_Int8,PrimVariableDeclareAssign_Int8,7,2,8,66,21
148,PrimVariableInplaceMultiply_Int8,PrimVariableDeclareAssign_Int8,7,2,8,66,21
148,PrimVariableInplaceMultiply_Int8,PrimVariableDeclareAssign_Int8,7,2,8,66,21
148,PrimVariableInplaceMultiply_Int8,PrimVariableDeclareAssign_Int8,7,2,8,66,21
148,PrimVariableInplaceMultiply_Int8,PrimVariableDeclareAssign_Int8,7,2,8,66,21
148,PrimVariableInplaceMultiply_Int8,PrimVariableDeclareAssign_Int8,7,2,8,66,21
148,PrimVariableInplaceMultiply_Int8,PrimVariableDeclareAssign_Int8,7,2,8,66,21
148,PrimVariableInplaceMultiply_Int8,PrimVariableDeclareAssign_Int8,7,2,8,66,21
148,PrimVariableInplaceMultiply_Int8,PrimVariableDeclareAssign_Int8,7,2,8,66,21
148,PrimVariableInplaceMultiply_Int8,PrimVariableDeclareAssign_Int8,7,2,8,66,21
148,PrimVariableInplaceMultiply_Int8,PrimVariableDeclareAssign_Int8,7,2,8,66,21
148,PrimVariableInplaceMultiply_Int8,PrimVariableDeclareAssign_Int8,7,2,8,66,21
148,PrimVariableInplaceMultiply_Int8,PrimVariableDeclareAssign_Int8,7,2,8,66,21
148,PrimVariableInplaceMultiply_Int8,PrimVariableDeclareAssign_Int8,7,2,8,66,21
149,PrimVariableInplaceDivide_Int8,PrimVariableDeclareAssign_Int8,7,2,8,73,21
149,PrimVariableInplaceDivide_Int8,PrimVariableDeclareAssign_Int8,7,2,8,73,21
149,PrimVariableInplaceDivide_Int8,PrimVariableDeclareAssign_Int8,7,2,8,73,21
149,PrimVariableInplaceDivide_Int8,PrimVariableDeclareAssign_Int8,7,2,8,73,21
149,PrimVariableInplaceDivide_Int8,PrimVariableDeclareAssign_Int8,7,2,8,73,21
149,PrimVariableInplaceDivide_Int8,PrimVariableDeclareAssign_Int8,7,2,8,73,21
149,PrimVariableInplaceDivide_Int8,PrimVariableDeclareAssign_Int8,7,2,8,73,21
149,PrimVariableInplaceDivide_Int8,PrimVariableDeclareAssign_Int8,7,2,8,73,21
149,PrimVariableInplaceDivide_Int8,PrimVariableDeclareAssign_Int8,7,2,8,73,21
149,PrimVariableInplaceDivide_Int8,PrimVariableDeclareAssign_Int8,7,2,8,73,21
149,PrimVariableInplaceDivide_Int8,PrimVariableDeclareAssign_Int8,7,2,8,73,21
149,PrimVariableInplaceDivide_Int8,PrimVariableDeclareAssign_Int8,7,2,8,73,21
149,PrimVariableInplaceDivide_Int8,PrimVariableDeclareAssign_Int8,7,2,8,73,21
149,PrimVariableInplaceDivide_Int8,PrimVariableDeclareAssign_Int8,7,2,8,73,21
149,PrimVariableInplaceDivide_Int8,PrimVariableDeclareAssign_Int8,7,2,8,73,21
149,PrimVariableInplaceDivide_Int8,PrimVariableDeclareAssign_Int8,7,2,8,73,21
149,PrimVariableInplaceDivide_Int8,PrimVariableDeclareAssign_Int8,7,2,8,73,21
